Dorsal,Jugador,Liga,Posicion,Indice InStat,Partidos jugados,Minutos jugados,Starting lineup appearances,Jugador sustituido,De sustitucion,Ocasiones claras falladas,Ocasiones falladas por partido,Goles,Goles por partido,Tiros a portería,Tiros a porteria por partido,xG,Regates,Regates por partido, % disputas ganadas,Faltas cometidas por partido,Taclkes por Partido,Perdidas en campo propio,Perdidas en campo propio por partido,Balones recuperados,Balones recuperados por partido, % disputas por arriba ganadas,Interceptaciones,Interceptaciones por partido,Tarjetas amarillas,Asistencias,xA (Asistencias esperadas),Asistencias por partido,% de efectividad de pases,Pases de finalización,Pases de finalizacion por partido, % de efectividad de los centros,Balones perdidos,Balones perdidos por partido,Recuperaciones en campo rival,Recuperaciones en campo rival por partido,Tiros del rival,Remates del rival a puerta,Goles encajados,Goles encajados por partido,Tiros rechazados,Shots saved %,Pases,Pases efectivos,Pases completados por partido, % de efectividad de pases,Salidas con exito por partido,% Salidas con éxito,Pases largos completados,% Pases largos completados,Cleansheets,PSxG
10,Lionel Messi,La Liga,Delantero,361,9,822,8,0,1,3,0.33,4,0.4,21,2.1,0.58,88,9.64,0.55,0,0,7,0.77,6,0.66,0.67,8,0.9,3,0,0,0.0,0.82,36,3.94,0.33,92,10.07,1,0.11,0,0,0,0.0,0,0,0,0,0.0,0.00,0,0,0,0,0,0
20,Sergi Roberto,La Liga,Centrocampista,334,7,667,7,1,0,0,0.00,1,0.1,1,0.1,0.05,10,1.35,0.68,0,0,6,0.81,38,5.13,0.65,44,6.3,1,2,1.6,0.3,0.92,9,1.21,0.33,21,2.83,5,0.67,0,0,0,0.0,0,0,0,0,0.0,0.00,0,0,0,0,0,0
2,Dani Carvajal,La Liga,Defensa,332,4,324,3,0,1,0,0.00,0,0.0,1,0.5,0.01,5,1.39,0.72,1,2.3,4,1.11,19,5.28,0.88,25,6.3,2,1,0,0.3,0.85,5,1.39,0.29,18,5.00,3,0.83,0,0,0,0.0,0,0,0,0,0.0,0.00,0,0,0,0,0,0
4,Sergio Ramos,La Liga,Defensa,323,8,722,8,1,0,0,0.00,2,0.3,7,1.8,0.33,6,0.75,0.66,1.3,1.3,1,0.12,63,7.85,0.62,43,5.4,2,0,0,0.0,0.94,1,0.12,1,25,3.12,6,0.75,0,0,0,0.0,0,0,0,0,0.0,0.00,0,0,0,0,0,0
22,Anssumane Fati,La Liga,Delantero,323,7,451,6,6,1,1,0.20,4,0.6,7,0.3,0.21,33,6.59,0.38,0,0,2,0.40,7,1.40,0.25,11,1.6,1,0,0,0.0,0.86,7,1.40,0.5,44,8.78,3,0.60,0,0,0,0.0,0,0,0,0,0.0,0.00,0,0,0,0,0,0
14,Philippe Coutinho,La Liga,Centrocampista,320,7,454,5,4,2,0,0.00,2,0.3,8,0.6,0.30,22,4.36,0.56,0,0,4,0.79,10,1.98,0.11,10,1.4,0,2,0.6,0.3,0.86,6,1.19,0.5,28,5.55,6,1.19,0,0,0,0.0,0,0,0,0,0.0,0.00,0,0,0,0,0,0
3,Gerard Pique,La Liga,Defensa,316,8,741,8,1,0,0,0.00,0,0.0,1,0.3,0.07,2,0.24,0.74,0.5,1.1,5,0.61,83,10.08,0.7,59,7.4,2,0,0,0.0,0.95,1,0.12,0,16,1.94,9,1.09,0,0,0,0.0,0,0,0,0,0.0,0.00,0,0,0,0,0,0
18,Jordi Alba,La Liga,Defensa,314,8,717,8,3,0,0,0.00,0,0.0,1,0.1,0.01,8,1.00,0.4,0.6,1.5,11,1.38,37,4.64,0.17,48,6.0,2,3,0,0.4,0.86,18,2.26,0.1,47,5.90,5,0.63,0,0,0,0.0,0,0,0,0,0.0,0.00,0,0,0,0,0,0
9,Karim Benzema,La Liga,Delantero,313,8,743,8,2,0,6,0.73,4,0.5,12,1.3,0.42,16,1.94,0.42,0,0,7,0.85,4,0.48,0.27,14,1.8,0,3,0,0.4,0.84,12,1.45,0.2,63,7.63,1,0.12,0,0,0,0.0,0,0,0,0,0.0,0.00,0,0,0,0,0,0
12,Jules Kounde,La Liga,Defensa,313,6,574,6,0,0,0,0.00,1,0.2,1,0.1,0.08,11,1.72,0.62,1.1,0.6,5,0.78,59,9.25,0.6,37,6.2,2,0,0,0.0,0.91,2,0.31,0,28,4.39,9,1.41,0,0,0,0.0,0,0,0,0,0.0,0.00,0,0,0,0,0,0
15,Federico Valverde,La Liga,Centrocampista,305,8,565,6,4,2,0,0.00,3,0.4,6,0.4,0.10,16,2.55,0.6,0,0,5,0.80,24,3.82,0.5,17,2.1,0,1,1.8,0.1,0.9,7,1.12,0.2,23,3.66,9,1.43,0,0,0,0.0,0,0,0,0,0.0,0.00,0,0,0,0,0,0
5,Dani Parejo,La Liga,Centrocampista,301,9,849,9,2,0,0,0.00,1,0.1,3,0.6,0.10,15,1.59,0.58,0,0,13,1.38,43,4.56,0.47,42,4.7,0,0,0.7,0.0,0.91,6,0.64,0.17,44,4.66,17,1.80,0,0,0,0.0,0,0,0,0,0.0,0.00,0,0,0,0,0,0
21,Frenkie De Jong,La Liga,Centrocampista,298,9,852,9,1,0,0,0.00,0,0.0,0,0.0,0.08,19,2.01,0.58,0,0,14,1.48,37,3.91,0.52,36,4.0,0,0,0.5,0.0,0.92,9,0.95,0,44,4.65,11,1.16,0,0,0,0.0,0,0,0,0,0.0,0.00,0,0,0,0,0,0
9,Luis Suarez,La Liga,Delantero,296,6,384,5,4,1,3,0.70,5,0.8,8,0.9,0.25,8,1.88,0.36,0,0,4,0.94,3,0.70,0.5,6,1.0,1,1,0,0.2,0.77,5,1.17,1,32,7.50,1,0.23,0,0,0,0.0,0,0,0,0,0.0,0.00,0,0,0,0,0,0
7,Joao Felix,La Liga,Delantero,292,9,640,6,4,3,1,0.14,5,0.6,7,1.0,0.37,41,5.77,0.42,0,0,9,1.27,5,0.70,0.3,8,0.9,2,2,0,0.2,0.85,13,1.83,0.25,62,8.72,2,0.28,0,0,0,0.0,0,0,0,0,0.0,0.00,0,0,0,0,0,0
13,Jan Oblak,La Liga,Portero,294,9,0,0,0,0,0,0.00,0,0.0,0,0.0,0.00,0,0.00,0,0,0,0,0.00,0,0.00,0,0,0.0,0,0,0,0.0,0,0,0.00,0,0,0.00,0,0.00,84,32,2,0.2,30,0.94,228,187,20.8,0.82,0.3,1,7.2,0.42,8,0.057
13,Neto,La Liga,Portero,282,6,0,0,0,0,0,0.00,0,0.0,0,0.0,0.00,0,0.00,0,0,0,0,0.00,0,0.00,0,0,0.0,0,0,0,0.0,0,0,0.00,0,0,0.00,0,0.00,48,22,6,1.0,16,0.73,184,172,28.7,0.93,0.7,1,2.8,0.45,2,0.066
1,M. ter Stegen,La Liga,Portero,281,3,0,0,0,0,0,0.00,0,0.0,0,0.0,0.00,0,0.00,0,0,0,0,0.00,0,0.00,0,0,0.0,0,0,0,0.0,0,0,0.00,0,0,0.00,0,0.00,31,13,3,1.0,10,0.77,92,89,29.7,0.97,0,0,5.5,0.81,1,0.033
1,Thibaut Courtois,La Liga,Portero,280,10,0,0,0,0,0,0.00,0,0.0,0,0.0,0.00,0,0.00,0,0,0,0,0.00,0,0.00,0,0,0.0,0,0,0,0.0,0,0,0.00,0,0,0.00,0,0.00,103,37,12,1.2,26,0.68,309,277,27.7,0.90,0.2,1,2.9,0.33,4,0.113
1,Remiro,La Liga,Portero,276,4,0,0,0,0,0,0.00,0,0.0,0,0.0,0.00,0,0.00,0,0,0,0,0.00,0,0.00,0,0,0.0,0,0,0,0.0,0,0,0.00,0,0,0.00,0,0.00,75,30,5,1.3,25,0.83,316,276,69.0,0.87,0.4,1,7.7,0.54,6,0.076
9,Robert Lewandowski,Bundesliga,Delantero,398,8,669,7,2,1,7,0.94,12,1.5,19,2.1,0.70,19,2.56,0.38,0,0,5,0.67,5,0.67,0.52,7,0.9,2,4,0,0.5,0.82,6,0.81,0.5,58,7.80,2,0.27,0,0,0,0.0,0,0,0,0,0.0,0.00,0,0,0,0,0,0
27,Andrej Kramaric,Bundesliga,Centrocampista,365,5,481,5,2,0,0,0.00,7,1.4,14,0.5,0.48,24,4.49,0.4,0,0,4,0.75,3,0.56,0.18,9,1.8,1,1,0.6,0.2,0.79,9,1.68,0.25,45,8.42,1,0.19,0,0,0,0.0,0,0,0,0,0.0,0.00,0,0,0,0,0,0
15,Mats Hummels,Bundesliga,Defensa,358,9,844,9,1,0,0,0.00,3,0.3,6,0.4,0.19,4,0.43,0.7,0.6,1.6,9,0.96,87,9.28,0.76,54,6.0,1,0,0,0.0,0.91,4,0.43,0,41,4.37,8,0.85,0,0,0,0.0,0,0,0,0,0.0,0.00,0,0,0,0,0,0
6,Joshua Kimmich,Bundesliga,Centrocampista,357,6,480,6,2,0,0,0.00,1,0.2,3,0.5,0.05,12,2.25,0.51,0,0,7,1.31,28,5.25,0.5,32,5.3,3,4,1.9,0.7,0.89,10,1.88,0.6,28,5.25,8,1.50,0,0,0,0.0,0,0,0,0,0.0,0.00,0,0,0,0,0,0
23,Emre Can,Bundesliga,Centrocampista,355,6,550,6,1,0,0,0.00,1,0.2,1,0.0,0.04,22,3.60,0.75,0,0,4,0.65,47,7.69,0.68,29,4.8,2,1,1.1,0.2,0.9,6,0.98,0.38,17,2.78,7,1.15,0,0,0,0.0,0,0,0,0,0.0,0.00,0,0,0,0,0,0
7,Serge Gnabry,Bundesliga,Delantero,354,8,627,7,5,1,1,0.14,4,0.5,9,1.3,0.17,27,3.88,0.43,0,0,9,1.29,15,2.15,0.33,22,2.8,1,0,0,0.0,0.83,15,2.15,0.31,57,8.18,5,0.72,0,0,0,0.0,0,0,0,0,0.0,0.00,0,0,0,0,0,0
18,Leon Goretzka,Bundesliga,Centrocampista,353,8,615,6,2,2,0,0.00,1,0.1,7,0.4,0.17,13,1.90,0.59,0,0,2,0.29,50,7.32,0.53,46,5.8,1,2,0.7,0.3,0.9,6,0.88,0.33,28,4.10,20,2.93,0,0,0,0.0,0,0,0,0,0.0,0.00,0,0,0,0,0,0
13,Raphael Guerreiro,Bundesliga,Centrocampista,352,7,457,5,3,2,0,0.00,1,0.1,5,0.4,0.15,20,3.94,0.57,0,0,5,0.98,22,4.33,0.33,22,3.1,1,3,2.1,0.4,0.91,12,2.36,0.43,26,5.12,4,0.79,0,0,0,0.0,0,0,0,0,0.0,0.00,0,0,0,0,0,0
9,Erling Braut Haaland,Bundesliga,Delantero,346,8,683,7,1,1,5,0.66,10,1.3,14,1.6,0.60,18,2.37,0.49,0,0,6,0.79,7,0.92,0.55,13,1.6,1,2,0,0.3,0.76,11,1.45,0,48,6.33,6,0.79,0,0,0,0.0,0,0,0,0,0.0,0.00,0,0,0,0,0,0
29,Kingsley Coman,Bundesliga,Delantero,343,6,388,5,5,1,0,0.00,2,0.3,6,0.2,0.11,26,6.03,0.49,0,0,2,0.46,13,3.02,0.38,6,1.0,0,2,0,0.3,0.83,6,1.39,0.17,34,7.89,10,2.32,0,0,0,0.0,0,0,0,0,0.0,0.00,0,0,0,0,0,0
20,Bouna Sarr,Bundesliga,Defensa,342,3,290,3,0,0,0,0.00,0,0.0,0,0.0,0.00,17,5.28,0.48,2.3,1.7,5,1.55,25,7.76,0.53,22,7.3,0,1,0,0.3,0.9,1,0.31,0.29,18,5.59,10,3.10,0,0,0,0.0,0,0,0,0,0.0,0.00,0,0,0,0,0,0
10,Leroy Sane,Bundesliga,Delantero,340,7,317,3,3,4,1,0.28,3,0.4,5,0.5,0.10,23,6.53,0.44,0,0,3,0.85,3,0.85,0.57,6,0.9,0,3,0,0.4,0.77,10,2.84,0,33,9.37,1,0.28,0,0,0,0.0,0,0,0,0,0.0,0.00,0,0,0,0,0,0
4,Vilmos Tamas Orban,Bundesliga,Defensa,336,7,569,5,0,2,0,0.00,1,0.1,2,0.5,0.07,3,0.47,0.75,0.4,1,3,0.47,64,10.12,0.79,39,5.6,2,0,0,0.0,0.91,2,0.32,0,15,2.37,9,1.42,0,0,0,0.0,0,0,0,0,0.0,0.00,0,0,0,0,0,0
21,Lucas Hernandez,Bundesliga,Defensa,332,7,514,6,4,1,0,0.00,0,0.0,1,0.0,0.06,10,1.75,0.71,0.9,1.9,12,2.10,40,7.00,0.83,33,4.7,1,1,0,0.1,0.83,11,1.93,0.27,44,7.70,18,3.15,0,0,0,0.0,0,0,0,0,0.0,0.00,0,0,0,0,0,0
23,Marcel Halstenberg,Bundesliga,Defensa,329,4,327,4,1,0,0,0.00,1,0.3,1,0.0,0.13,8,2.20,0.59,0.8,1.5,7,1.93,29,7.98,0.6,19,4.8,0,1,0,0.3,0.92,4,1.10,0.75,20,5.50,9,2.48,0,0,0,0.0,0,0,0,0,0.0,0.00,0,0,0,0,0,0
1,Manuel Neuer,Bundesliga,Portero,314,9,0,0,0,0,0,0.00,0,0.0,0,0.0,0.00,0,0.00,0,0,0,0,0.00,0,0.00,0,0,0.0,0,0,0,0.0,0,0,0.00,0,0,0.00,0,0.00,97,39,13,1.4,26,0.67,322,303,33.7,0.94,1,0.91,6.5,0.61,2,0.17
1,Peter Gulacsi,Bundesliga,Portero,286,9,0,0,0,0,0,0.00,0,0.0,0,0.0,0.00,0,0.00,0,0,0,0,0.00,0,0.00,0,0,0.0,0,0,0,0.0,0,0,0.00,0,0,0.00,0,0.00,67,21,6,0.7,15,0.71,290,270,30.0,0.93,0.3,1,5.1,0.5,3,0.053
23,Frederik Ronnow,Bundesliga,Portero,285,7,0,0,0,0,0,0.00,0,0.0,0,0.0,0.00,0,0.00,0,0,0,0,0.00,0,0.00,0,0,0.0,0,0,0,0.0,0,0,0.00,0,0,0.00,0,0.00,109,48,14,2.0,34,0.71,212,184,26.3,0.87,0.1,1,4.4,0.41,0,0.163
1,Roman Burki,Bundesliga,Portero,283,7,0,0,0,0,0,0.00,0,0.0,0,0.0,0.00,0,0.00,0,0,0,0,0.00,0,0.00,0,0,0.0,0,0,0,0.0,0,0,0.00,0,0,0.00,0,0.00,50,24,9,1.3,15,0.63,179,164,23.4,0.92,0.1,1,4.1,0.43,3,0.071
1,Rafal Gikiewicz,Bundesliga,Portero,278,9,0,0,0,0,0,0.00,0,0.0,0,0.0,0.00,0,0.00,0,0,0,0,0.00,0,0.00,0,0,0.0,0,0,0,0.0,0,0,0.00,0,0,0.00,0,0.00,109,48,12,1.3,36,0.75,393,339,37.7,0.86,0.4,1,6.2,0.35,2,0.139
10,Jack Grealish,Premier League,Defensa,377,9,876,9,0,0,0,0.00,5,0.6,12,1.2,0.29,71,7.29,0.58,1.9,1.6,6,0.62,15,1.54,0.44,15,1.7,2,5,0,0.6,0.83,15,1.54,0.31,75,7.71,6,0.62,0,0,0,0.0,0,0,0,0,0.0,0.00,0,0,0,0,0,0
11,Mohamed Salah,Premier League,Delantero,371,9,834,9,2,0,2,0.22,8,0.9,16,1.5,0.60,47,5.07,0.3,0,0,5,0.54,10,1.08,0.12,11,1.2,0,1,0,0.1,0.83,24,2.59,0.43,83,8.96,6,0.65,0,0,0,0.0,0,0,0,0,0.0,0.00,0,0,0,0,0,0
27,Joao Cancelo,Premier League,Defensa,369,5,476,5,0,0,0,0.00,0,0.0,1,0.0,0.01,23,4.35,0.59,2,2.8,5,0.95,34,6.43,0.5,28,5.6,1,1,0,0.2,0.89,10,1.89,0.33,37,7.00,9,1.70,0,0,0,0.0,0,0,0,0,0.0,0.00,0,0,0,0,0,0
15,Kurt Zouma,Premier League,Defensa,358,9,857,9,0,0,0,0.00,3,0.3,4,0.3,0.09,3,0.32,0.8,0.9,0.4,9,0.95,70,7.35,0.88,57,6.3,1,0,0,0.0,0.92,0,0.00,0,28,2.94,10,1.05,0,0,0,0.0,0,0,0,0,0.0,0.00,0,0,0,0,0,0
21,Ben Chilwell,Premier League,Defensa,357,7,652,7,1,0,0,0.00,2,0.3,5,0.2,0.11,16,2.21,0.63,0.9,1.6,12,1.66,33,4.56,0.63,38,5.4,1,2,0,0.3,0.85,8,1.10,0.21,52,7.18,12,1.66,0,0,0,0.0,0,0,0,0,0.0,0.00,0,0,0,0,0,0
10,Sadio Mane,Premier League,Delantero,355,9,786,8,2,1,5,0.57,4,0.4,14,1.4,0.49,56,6.41,0.42,0,0,6,0.69,14,1.60,0.32,18,2.0,2,1,0,0.1,0.79,11,1.26,0.43,76,8.70,6,0.69,0,0,0,0.0,0,0,0,0,0.0,0.00,0,0,0,0,0,0
10,Harry Kane,Premier League,Delantero,354,10,959,10,1,0,3,0.28,7,0.7,15,1.5,0.60,35,3.28,0.36,0,0,19,1.78,8,0.75,0.38,25,2.5,1,9,0,0.9,0.78,23,2.16,0,103,9.67,2,0.19,0,0,0,0.0,0,0,0,0,0.0,0.00,0,0,0,0,0,0
26,Riyad Mahrez,Premier League,Delantero,354,7,616,7,3,0,0,0.00,4,0.6,10,0.4,0.23,43,6.28,0.36,0,0,5,0.73,11,1.61,0.38,11,1.6,0,1,0,0.1,0.85,13,1.90,0.2,69,10.08,6,0.88,0,0,0,0.0,0,0,0,0,0.0,0.00,0,0,0,0,0,0
18,Bruno Fernandes,Premier League,Centrocampista,352,9,812,9,2,0,0,0.00,7,0.8,14,0.8,0.48,24,2.66,0.43,0,0,19,2.11,29,3.21,0.33,37,4.1,2,3,3.9,0.3,0.75,22,2.44,0.2,108,11.97,11,1.22,0,0,0,0.0,0,0,0,0,0.0,0.00,0,0,0,0,0,0
24,Serge Aurier,Premier League,Defensa,347,4,383,4,0,0,0,0.00,1,0.3,3,0.1,0.04,10,2.35,0.63,1.8,3.8,8,1.88,26,6.11,0.69,29,7.3,0,1,0,0.3,0.84,3,0.70,0.29,26,6.11,3,0.70,0,0,0,0.0,0,0,0,0,0.0,0.00,0,0,0,0,0,0
19,Mason Mount,Premier League,Centrocampista,338,9,765,8,1,1,0,0.00,1,0.1,10,0.5,0.13,27,3.18,0.51,0,0,13,1.53,23,2.71,0.37,25,2.8,1,1,1.5,0.1,0.91,5,0.59,0.36,50,5.88,7,0.82,0,0,0,0.0,0,0,0,0,0.0,0.00,0,0,0,0,0,0
16,Rodri,Premier League,Centrocampista,336,9,809,9,1,0,0,0.00,0,0.0,2,0.1,0.03,6,0.67,0.69,0,0,4,0.44,53,5.90,0.89,35,3.9,2,0,0.3,0.0,0.93,2,0.22,0,18,2.00,21,2.34,0,0,0,0.0,0,0,0,0,0.0,0.00,0,0,0,0,0,0
17,Kevin De Bruyne,Premier League,Centrocampista,334,8,692,7,0,1,0,0.00,1,0.1,8,0.5,0.32,26,3.38,0.46,0,0,6,0.78,23,2.99,0.57,20,2.5,0,4,2.3,0.5,0.76,36,4.68,0.27,65,8.45,14,1.82,0,0,0,0.0,0,0,0,0,0.0,0.00,0,0,0,0,0,0
11,Timo Werner,Premier League,Delantero,326,10,880,10,5,0,6,0.61,4,0.4,9,0.8,0.28,43,4.40,0.43,0,0,15,1.53,5,0.51,0.25,7,0.7,0,2,0,0.2,0.82,8,0.82,0.5,75,7.67,1,0.10,0,0,0,0.0,0,0,0,0,0.0,0.00,0,0,0,0,0,0
22,Hakim Ziyech,Premier League,Centrocampista,327,6,375,4,3,2,0,0.00,1,0.2,3,0.1,0.04,14,3.36,0.27,0,0,7,1.68,6,1.44,0.38,8,1.3,1,3,2,0.5,0.78,13,3.12,0.45,43,10.32,1,0.24,0,0,0,0.0,0,0,0,0,0.0,0.00,0,0,0,0,0,0
16,Edouard Mendy,Premier League,Portero,314,6,0,0,0,0,0,0.00,0,0.0,0,0.0,0.00,0,0.00,0,0,0,0,0.00,0,0.00,0,0,0.0,0,0,0,0.0,0,0,0.00,0,0,0.00,0,0.00,40,10,1,0.2,9,0.9,175,160,26.7,0.91,0.3,1,5,0.49,5,0.03
1,Alisson,Premier League,Portero,308,8,0,0,0,0,0,0.00,0,0.0,0,0.0,0.00,0,0.00,0,0,0,0,0.00,0,0.00,0,0,0.0,0,0,0,0.0,0,0,0.00,0,0,0.00,0,0.00,54,21,8,1.0,13,0.62,226,200,25.0,0.88,0.9,1,3.9,0.39,2,0.088
1,Hugo Lloris,Premier League,Portero,304,10,0,0,0,0,0,0.00,0,0.0,0,0.0,0.00,0,0.00,0,0,0,0,0.00,0,0.00,0,0,0.0,0,0,0,0.0,0,0,0.00,0,0,0.00,0,0.00,107,35,9,0.9,27,0.75,255,232,23.2,0.91,0.1,1,4.2,0.39,4,0.074
31,Ederson Moraes,Premier League,Portero,295,9,0,0,0,0,0,0.00,0,0.0,0,0.0,0.00,0,0.00,0,0,0,0,0.00,0,0.00,0,0,0.0,0,0,0,0.0,0,0,0.00,0,0,0.00,0,0.00,67,28,11,1.2,17,0.61,251,224,24.9,0.89,0.4,0.67,4.5,0.48,4,0.098
1,Alex McCarthy,Premier League,Portero,292,10,0,0,0,0,0,0.00,0,0.0,0,0.0,0.00,0,0.00,0,0,0,0,0.00,0,0.00,0,0,0.0,0,0,0,0.0,0,0,0.00,0,0,0.00,0,0.00,98,49,16,1.6,33,0.67,348,286,28.6,0.82,0.5,1,5,0.28,4,0.15
11,Zlatan Ibrahimovic,Serie A,Delantero,374,6,559,6,1,0,4,0.64,10,1.7,16,1.5,0.90,3,0.48,0.51,0,0,6,0.97,7,1.13,0.58,14,2.3,2,1,0,0.2,0.73,8,1.29,0.17,78,12.56,5,0.81,0,0,0,0.0,0,0,0,0,0.0,0.00,0,0,0,0,0,0
7,Cristiano Ronaldo,Serie A,Delantero,352,5,395,4,1,1,2,0.46,8,1.6,13,1.9,0.56,14,3.19,0.45,0,0,3,0.68,4,0.91,0.54,8,1.6,0,0,0,0.0,0.83,7,1.59,0.29,35,7.97,1,0.23,0,0,0,0.0,0,0,0,0,0.0,0.00,0,0,0,0,0,0
77,Henrikh Mkhitaryan,Serie A,Centrocampista,336,9,829,9,1,0,0,0.00,5,0.6,15,0.2,0.53,26,2.82,0.34,0,0,10,1.09,12,1.30,0.1,26,2.9,0,4,3.4,0.4,0.81,18,1.95,0,76,8.25,9,0.98,0,0,0,0.0,0,0,0,0,0.0,0.00,0,0,0,0,0,0
13,Andrea Ranocchia,Serie A,Defensa,336,3,266,3,1,0,0,0.00,0,0.0,1,0.1,0.08,2,0.68,0.7,2.7,2,0,0.00,30,10.15,0.75,11,3.7,1,1,0,0.3,0.97,1,0.34,0,6,2.03,7,2.37,0,0,0,0.0,0,0,0,0,0.0,0.00,0,0,0,0,0,0
9,Romelu Lukaku,Serie A,Delantero,335,8,582,6,1,2,6,0.93,7,0.9,10,1.1,0.60,17,2.63,0.39,0,0,12,1.86,3,0.46,0.24,6,0.8,1,2,0,0.3,0.85,8,1.24,0.67,77,11.91,1,0.15,0,0,0,0.0,0,0,0,0,0.0,0.00,0,0,0,0,0,0
19,Berat Djimsiti,Serie A,Defensa,335,7,568,6,1,1,0,0.00,0,0.0,0,0.0,0.00,4,0.63,0.82,0.4,1.6,8,1.27,70,11.09,0.91,53,7.6,3,0,0,0.0,0.91,0,0.00,0,20,3.17,24,3.80,0,0,0,0.0,0,0,0,0,0.0,0.00,0,0,0,0,0,0
19,Theo Hernandez,Serie A,Defensa,334,9,865,9,0,0,0,0.00,1,0.1,5,0.3,0.15,30,3.12,0.62,1,2,11,1.14,51,5.31,0.61,33,3.7,3,2,0,0.2,0.82,10,1.04,0.25,56,5.83,10,1.04,0,0,0,0.0,0,0,0,0,0.0,0.00,0,0,0,0,0,0
2,Achraf Hakimi,Serie A,Defensa,331,9,543,5,1,4,0,0.00,1,0.1,3,1.5,0.16,15,2.49,0.39,0.6,1.1,3,0.50,21,3.48,0.2,20,2.2,1,2,0,0.2,0.87,12,1.99,0.25,38,6.30,6,0.99,0,0,0,0.0,0,0,0,0,0.0,0.00,0,0,0,0,0,0
25,Domenico Berardi,Serie A,Delantero,329,8,771,8,1,0,1,0.12,4,0.5,11,0.4,0.23,24,2.80,0.48,0,0,12,1.40,25,2.92,0.4,27,3.4,1,3,0,0.4,0.81,7,0.82,0.5,65,7.59,10,1.17,0,0,0,0.0,0,0,0,0,0.0,0.00,0,0,0,0,0,0
11,Aleksandar Kolarov,Serie A,Defensa,328,5,398,4,0,1,0,0.00,0,0.0,2,0.2,0.01,5,1.13,0.73,0.4,0.6,3,0.68,33,7.46,0.78,20,4.0,0,1,0,0.2,0.9,2,0.45,0.33,19,4.30,13,2.94,0,0,0,0.0,0,0,0,0,0.0,0.00,0,0,0,0,0,0
73,Manuel Locatelli,Serie A,Centrocampista,326,9,878,9,0,0,0,0.00,2,0.2,5,0.1,0.20,33,3.38,0.61,0,0,17,1.74,45,4.61,0.5,37,4.1,4,0,0.8,0.0,0.89,8,0.82,0.29,63,6.46,10,1.03,0,0,0,0.0,0,0,0,0,0.0,0.00,0,0,0,0,0,0
5,Roberto Gagliardini,Serie A,Centrocampista,323,6,397,5,4,1,0,0.00,2,0.3,2,0.4,0.06,8,1.81,0.6,0,0,3,0.68,13,2.95,0.86,14,2.3,0,1,1,0.2,0.9,2,0.45,0,18,4.08,7,1.59,0,0,0,0.0,0,0,0,0,0.0,0.00,0,0,0,0,0,0
11,Pedro,Serie A,Delantero,322,9,788,9,4,0,1,0.11,3,0.3,7,0.6,0.17,36,4.11,0.52,0,0,9,1.03,11,1.26,0.17,14,1.6,1,1,0,0.1,0.8,13,1.48,0.31,57,6.51,5,0.57,0,0,0,0.0,0,0,0,0,0.0,0.00,0,0,0,0,0,0
10,Hakan Calhanoglu,Serie A,Centrocampista,322,9,757,8,5,1,0,0.00,0,0.0,6,0.6,0.11,15,1.78,0.44,0,0,13,1.55,22,2.62,0.44,18,2.0,1,1,2.4,0.1,0.82,17,2.02,0.4,75,8.92,5,0.59,0,0,0,0.0,0,0,0,0,0.0,0.00,0,0,0,0,0,0
23,Nicolo Barella,Serie A,Centrocampista,317,9,703,7,3,2,0,0.00,0,0.0,3,0.1,0.08,26,3.33,0.54,0,0,16,2.05,38,4.86,0.38,27,3.0,2,3,1.6,0.3,0.86,7,0.90,0.33,57,7.30,19,2.43,0,0,0,0.0,0,0,0,0,0.0,0.00,0,0,0,0,0,0
99,Gianluigi Donnarumma,Serie A,Portero,312,8,0,0,0,0,0,0.00,0,0.0,0,0.0,0.00,0,0.00,0,0,0,0,0.00,0,0.00,0,0,0.0,0,0,0,0.0,0,0,0.00,0,0,0.00,0,0.00,76,28,5,0.6,24,0.83,237,216,27.0,0.91,0.3,1,5.8,0.41,4,0.084
25,David Ospina,Serie A,Portero,297,4,0,0,0,0,0,0.00,0,0.0,0,0.0,0.00,0,0.00,0,0,0,0,0.00,0,0.00,0,0,0.0,0,0,0,0.0,0,0,0.00,0,0,0.00,0,0.00,35,13,3,0.8,10,0.77,110,100,25.0,0.91,0.3,1,6,0.46,2,0.02
83,Antonio Mirante,Serie A,Portero,293,7,0,0,0,0,0,0.00,0,0.0,0,0.0,0.00,0,0.00,0,0,0,0,0.00,0,0.00,0,0,0.0,0,0,0,0.0,0,0,0.00,0,0,0.00,0,0.00,70,34,11,1.6,23,0.68,226,204,29.1,0.90,0.6,1,6.1,0.55,3,0.094
1,Marco Silvestri,Serie A,Portero,286,8,0,0,0,0,0,0.00,0,0.0,0,0.0,0.00,0,0.00,0,0,0,0,0.00,0,0.00,0,0,0.0,0,0,0,0.0,0,0,0.00,0,0,0.00,0,0.00,147,43,7,0.9,37,0.84,268,224,28.0,0.84,0.1,1,6.4,0.3,3,0.071
47,Andrea Consigli,Serie A,Portero,282,9,0,0,0,0,0,0.00,0,0.0,0,0.0,0.00,0,0.00,0,0,0,0,0.00,0,0.00,0,0,0.0,0,0,0,0.0,0,0,0.00,0,0,0.00,0,0.00,118,48,12,1.3,37,0.76,282,242,26.9,0.86,0.4,1,6.1,0.45,3,0.123
10,Neymar,Ligue 1,Delantero,427,6,510,5,0,1,6,1.06,3,0.5,10,1.0,0.53,95,16.76,0.52,0,0,6,1.06,13,2.29,0.5,10,1.7,1,3,0,0.5,0.81,23,4.06,0.33,77,13.59,7,1.24,0,0,0,0.0,0,0,0,0,0.0,0.00,0,0,0,0,0,0
7,Kylian Mbappe,Ligue 1,Delantero,378,8,611,7,4,1,4,0.59,9,1.1,20,2.9,0.60,81,11.93,0.48,0,0,5,0.74,0,0.00,0.5,3,0.4,0,4,0,0.5,0.79,15,2.21,0.2,63,9.28,0,0.00,0,0,0,0.0,0,0,0,0,0.0,0.00,0,0,0,0,0,0
11,Angel Di Maria,Ligue 1,Delantero,338,7,542,6,3,1,1,0.17,3,0.4,7,0.6,0.15,37,6.14,0.34,0,0,9,1.49,8,1.33,1,12,1.7,1,3,0,0.4,0.71,20,3.32,0.25,66,10.96,5,0.83,0,0,0,0.0,0,0,0,0,0.0,0.00,0,0,0,0,0,0
27,Idrissa Gueye,Ligue 1,Centrocampista,320,8,502,7,4,1,0,0.00,1,0.1,3,0.1,0.04,11,1.97,0.65,0,0,4,0.72,46,8.25,0.61,22,2.8,1,0,0.3,0.0,0.94,5,0.90,1,23,4.12,12,2.15,0,0,0,0.0,0,0,0,0,0.0,0.00,0,0,0,0,0,0
7,Jonathan Bamba,Ligue 1,Delantero,317,12,1062,11,3,1,0,0.00,4,0.3,10,1.4,0.17,65,5.51,0.45,0,0,14,1.19,30,2.54,0.39,38,3.2,0,5,0,0.4,0.86,21,1.78,0.38,84,7.12,10,0.85,0,0,0,0.0,0,0,0,0,0.0,0.00,0,0,0,0,0,0
24,Alessandro Florenzi,Ligue 1,Defensa,316,8,589,7,4,1,0,0.00,2,0.3,5,0.2,0.12,8,1.22,0.47,0.5,1.1,1,0.15,31,4.74,0.29,23,2.9,1,0,0,0.0,0.85,13,1.99,0.42,28,4.28,12,1.83,0,0,0,0.0,0,0,0,0,0.0,0.00,0,0,0,0,0,0
5,Sven Botman,Ligue 1,Defensa,316,12,1147,12,0,0,0,0.00,0,0.0,0,0.0,0.02,4,0.31,0.75,0.5,1.3,13,1.02,118,9.26,0.74,83,6.9,1,0,0,0.0,0.89,4,0.31,0,46,3.61,15,1.18,0,0,0,0.0,0,0,0,0,0.0,0.00,0,0,0,0,0,0
3,Presnel Kimpembe,Ligue 1,Defensa,314,9,728,8,4,1,0,0.00,0,0.0,0,0.0,0.01,2,0.25,0.79,0.7,1.6,5,0.62,59,7.29,0.67,53,5.9,2,0,0,0.0,0.95,0,0.00,0,14,1.73,12,1.48,0,0,0,0.0,0,0,0,0,0.0,0.00,0,0,0,0,0,0
4,Dante,Ligue 1,Defensa,313,9,824,9,1,0,0,0.00,2,0.2,2,0.5,0.08,1,0.11,0.75,0.7,1.1,10,1.09,59,6.44,0.78,40,4.4,2,1,0,0.1,0.92,2,0.22,0,36,3.93,4,0.44,0,0,0,0.0,0,0,0,0,0.0,0.00,0,0,0,0,0,0
26,Ruben Aguilar,Ligue 1,Defensa,313,11,1008,11,1,0,0,0.00,1,0.1,2,0.1,0.05,27,2.41,0.57,1.2,2.2,9,0.80,59,5.27,0.55,60,5.5,3,3,0,0.3,0.88,14,1.25,0.4,55,4.91,12,1.07,0,0,0,0.0,0,0,0,0,0.0,0.00,0,0,0,0,0,0
6,Marco Verratti,Ligue 1,Centrocampista,312,6,437,5,3,1,0,0.00,0,0.0,2,0.3,0.07,22,4.53,0.56,0,0,7,1.44,26,5.35,0.33,15,2.5,1,0,0.8,0.0,0.94,10,2.06,0,34,7.00,9,1.85,0,0,0,0.0,0,0,0,0,0.0,0.00,0,0,0,0,0,0
15,Danilo Pereira,Ligue 1,Centrocampista,310,4,260,3,2,1,0,0.00,0,0.0,1,0.1,0.04,3,1.04,0.59,0,0,6,2.08,21,7.27,0.89,20,5.0,1,0,0,0.0,0.93,2,0.69,0,12,4.15,4,1.38,0,0,0,0.0,0,0,0,0,0.0,0.00,0,0,0,0,0,0
12,Rafinha,Ligue 1,Centrocampista,309,6,456,5,5,1,0,0.00,0,0.0,3,0.3,0.02,21,4.14,0.51,0,0,6,1.18,25,4.93,0.5,18,3.0,1,1,2,0.2,0.88,10,1.97,0.4,36,7.11,10,1.97,0,0,0,0.0,0,0,0,0,0.0,0.00,0,0,0,0,0,0
19,Pablo Sarabia,Ligue 1,Centrocampista,304,11,695,7,1,4,0,0.00,2,0.2,10,0.5,0.25,9,1.17,0.32,0,0,3,0.39,18,2.33,0.25,19,1.7,1,4,4.1,0.4,0.82,19,2.46,0.47,61,7.90,11,1.42,0,0,0,0.0,0,0,0,0,0.0,0.00,0,0,0,0,0,0
9,Icardi,Ligue 1,Delantero,304,5,368,4,1,1,3,0.73,2,0.4,5,0.6,0.29,2,0.49,0.24,0,0,1,0.24,3,0.73,0.22,3,0.6,0,0,0,0.0,0.78,5,1.22,0,21,5.14,2,0.49,0,0,0,0.0,0,0,0,0,0.0,0.00,0,0,0,0,0,0
1,Keylor Navas,Ligue 1,Portero,313,8,0,0,0,0,0,0.00,0,0.0,0,0.0,0.00,0,0.00,0,0,0,0,0.00,0,0.00,0,0,0.0,0,0,0,0.0,0,0,0.00,0,0,0.00,0,0.00,72,21,4,0.5,17,0.81,176,161,20.1,0.91,0,0,2.8,0.47,6,0.082
1,Anthony Lopes,Ligue 1,Portero,286,12,0,0,0,0,0,0.00,0,0.0,0,0.0,0.00,0,0.00,0,0,0,0,0.00,0,0.00,0,0,0.0,0,0,0,0.0,0,0,0.00,0,0,0.00,0,0.00,124,50,10,0.8,41,0.8,320,293,24.4,0.92,0.3,1,4.8,0.5,4,0.115
1,Benoit Costil,Ligue 1,Portero,277,12,0,0,0,0,0,0.00,0,0.0,0,0.0,0.00,0,0.00,0,0,0,0,0.00,0,0.00,0,0,0.0,0,0,0,0.0,0,0,0.00,0,0,0.00,0,0.00,140,47,13,1.1,35,0.73,374,303,25.3,0.81,0.3,1,8.4,0.43,7,0.122
30,Steve Mandanda,Ligue 1,Portero,281,11,0,0,0,0,0,0.00,0,0.0,0,0.0,0.00,0,0.00,0,0,0,0,0.00,0,0.00,0,0,0.0,0,0,0,0.0,0,0,0.00,0,0,0.00,0,0.00,123,38,9,0.8,29,0.76,339,274,24.9,0.81,0.5,1,5.4,0.3,4,0.113
16,Mike Maignan,Ligue 1,Portero,278,12,0,0,0,0,0,0.00,0,0.0,0,0.0,0.00,0,0.00,0,0,0,0,0.00,0,0.00,0,0,0.0,0,0,0,0.0,0,0,0.00,0,0,0.00,0,0.00,97,38,8,0.7,31,0.79,348,299,24.9,0.86,0.3,0.8,5,0.35,6,0.117